{"title":"课题组简介","markdown":{"yaml":{"title":"课题组简介"},"headingText":"历史沿革","containsRefs":false,"markdown":"\n\n作物养分管理课题组成立于2002年，隶属于华中农业大学资源与环境学院。经过20余年的发展，已成为国内作物养分管理领域的重要研究团队。课题组先后承担国家自然科学基金、国家重点研发计划等科研项目50余项。\n\n## 研究方向与特色\n课题组围绕国家粮食安全和农业可持续发展需求，重点开展：\n- 水稻、油菜等主要作物养分高效利用理论与技术\n- 土壤培肥与地力提升技术\n- 作物营养生理与分子机制\n- 农田生态系统养分循环与调控\n\n研究特色：\n1. 理论研究与应用研究相结合\n2. 实验室分析与田间试验相验证\n3. 传统方法与现代技术相融合\n\n## 主要成就\n- 获国家科技进步二等奖1项\n- 获湖北省科技进步一等奖3项、二等奖2项\n- 发表SCI论文200余篇，其中高被引论文15篇\n- 出版专著10部\n- 获授权国家发明专利30项\n- 制定行业标准5项\n\n## 实验室条件\n课题组拥有完善的实验平台：\n- 作物生理生态实验室\n- 土壤分析实验室\n- 分子生物学实验室\n- 温室和人工气候室\n- 长期定位试验基地3个\n\n## 团队规模\n现有教师8人（教授3人、副教授5人），在读研究生74人（博士21人、硕士53人），已培养毕业研究生120余人。\n","srcMarkdownNoYaml":"\n\n## 历史沿革\n作物养分管理课题组成立于2002年，隶属于华中农业大学资源与环境学院。经过20余年的发展，已成为国内作物养分管理领域的重要研究团队。课题组先后承担国家自然科学基金、国家重点研发计划等科研项目50余项。\n\n## 研究方向与特色\n课题组围绕国家粮食安全和农业可持续发展需求，重点开展：\n- 水稻、油菜等主要作物养分高效利用理论与技术\n- 土壤培肥与地力提升技术\n- 作物营养生理与分子机制\n- 农田生态系统养分循环与调控\n\n研究特色：\n1. 理论研究与应用研究相结合\n2. 实验室分析与田间试验相验证\n3. 传统方法与现代技术相融合\n\n## 主要成就\n- 获国家科技进步二等奖1项\n- 获湖北省科技进步一等奖3项、二等奖2项\n- 发表SCI论文200余篇，其中高被引论文15篇\n- 出版专著10部\n- 获授权国家发明专利30项\n- 制定行业标准5项\n\n## 实验室条件\n课题组拥有完善的实验平台：\n- 作物生理生态实验室\n- 土壤分析实验室\n- 分子生物学实验室\n- 温室和人工气候室\n- 长期定位试验基地3个\n\n## 团队规模\n现有教师8人（教授3人、副教授5人），在读研究生74人（博士21人、硕士53人），已培养毕业研究生120余人。\n"},"formats":{"html":{"identifier":{"display-name":"HTML","target-format":"html","base-format":"html"},"execute":{"fig-width":7,"fig-height":5,"fig-format":"retina","fig-dpi":96,"df-print":"default","error":false,"eval":true,"cache":null,"freeze":false,"echo":true,"output":true,"warning":true,"include":true,"keep-md":false,"keep-ipynb":false,"ipynb":null,"enabled":null,"daemon":null,"daemon-restart":false,"debug":false,"ipynb-filters":[],"ipynb-shell-interactivity":null,"plotly-connected":true,"engine":"markdown"},"render":{"keep-tex":false,"keep-typ":false,"keep-source":false,"keep-hidden":false,"prefer-html":false,"output-divs":true,"output-ext":"html","fig-align":"default","fig-pos":null,"fig-env":null,"code-fold":true,"code-overflow":"scroll","code-link":false,"code-line-numbers":false,"code-tools":false,"tbl-colwidths":"auto","merge-includes":true,"inline-includes":false,"preserve-yaml":false,"latex-auto-mk":true,"latex-auto-install":true,"latex-clean":true,"latex-min-runs":1,"latex-max-runs":10,"latex-makeindex":"makeindex","latex-makeindex-opts":[],"latex-tlmgr-opts":[],"latex-input-paths":[],"latex-output-dir":null,"link-external-icon":false,"link-external-newwindow":false,"self-contained-math":false,"format-resources":[],"notebook-links":true},"pandoc":{"standalone":true,"wrap":"none","default-image-extension":"png","to":"html","css":["styles.css"],"toc":true,"toc-depth":2,"highlight-style":"github","output-file":"about.html"},"language":{"toc-title-document":"Table of contents","toc-title-website":"On this page","related-formats-title":"Other Formats","related-notebooks-title":"Notebooks","source-notebooks-prefix":"Source","other-links-title":"Other Links","code-links-title":"Code Links","launch-dev-container-title":"Launch Dev Container","launch-binder-title":"Launch Binder","article-notebook-label":"Article Notebook","notebook-preview-download":"Download Notebook","notebook-preview-download-src":"Download Source","notebook-preview-back":"Back to Article","manuscript-meca-bundle":"MECA Bundle","section-title-abstract":"Abstract","section-title-appendices":"Appendices","section-title-footnotes":"Footnotes","section-title-references":"References","section-title-reuse":"Reuse","section-title-copyright":"Copyright","section-title-citation":"Citation","appendix-attribution-cite-as":"For attribution, please cite this work as:","appendix-attribution-bibtex":"BibTeX citation:","appendix-view-license":"View License","title-block-author-single":"Author","title-block-author-plural":"Authors","title-block-affiliation-single":"Affiliation","title-block-affiliation-plural":"Affiliations","title-block-published":"Published","title-block-modified":"Modified","title-block-keywords":"Keywords","callout-tip-title":"Tip","callout-note-title":"Note","callout-warning-title":"Warning","callout-important-title":"Important","callout-caution-title":"Caution","code-summary":"Code","code-tools-menu-caption":"Code","code-tools-show-all-code":"Show All Code","code-tools-hide-all-code":"Hide All Code","code-tools-view-source":"View Source","code-tools-source-code":"Source Code","tools-share":"Share","tools-download":"Download","code-line":"Line","code-lines":"Lines","copy-button-tooltip":"Copy to Clipboard","copy-button-tooltip-success":"Copied!","repo-action-links-edit":"Edit this page","repo-action-links-source":"View source","repo-action-links-issue":"Report an issue","back-to-top":"Back to top","search-no-results-text":"No results","search-matching-documents-text":"matching documents","search-copy-link-title":"Copy link to search","search-hide-matches-text":"Hide additional matches","search-more-match-text":"more match in this document","search-more-matches-text":"more matches in this document","search-clear-button-title":"Clear","search-text-placeholder":"","search-detached-cancel-button-title":"Cancel","search-submit-button-title":"Submit","search-label":"Search","toggle-section":"Toggle section","toggle-sidebar":"Toggle sidebar navigation","toggle-dark-mode":"Toggle dark mode","toggle-reader-mode":"Toggle reader mode","toggle-navigation":"Toggle navigation","crossref-fig-title":"Figure","crossref-tbl-title":"Table","crossref-lst-title":"Listing","crossref-thm-title":"Theorem","crossref-lem-title":"Lemma","crossref-cor-title":"Corollary","crossref-prp-title":"Proposition","crossref-cnj-title":"Conjecture","crossref-def-title":"Definition","crossref-exm-title":"Example","crossref-exr-title":"Exercise","crossref-ch-prefix":"Chapter","crossref-apx-prefix":"Appendix","crossref-sec-prefix":"Section","crossref-eq-prefix":"Equation","crossref-lof-title":"List of Figures","crossref-lot-title":"List of Tables","crossref-lol-title":"List of Listings","environment-proof-title":"Proof","environment-remark-title":"Remark","environment-solution-title":"Solution","listing-page-order-by":"Order By","listing-page-order-by-default":"Default","listing-page-order-by-date-asc":"Oldest","listing-page-order-by-date-desc":"Newest","listing-page-order-by-number-desc":"High to Low","listing-page-order-by-number-asc":"Low to High","listing-page-field-date":"Date","listing-page-field-title":"Title","listing-page-field-description":"Description","listing-page-field-author":"Author","listing-page-field-filename":"File Name","listing-page-field-filemodified":"Modified","listing-page-field-subtitle":"Subtitle","listing-page-field-readingtime":"Reading Time","listing-page-field-wordcount":"Word Count","listing-page-field-categories":"Categories","listing-page-minutes-compact":"{0} min","listing-page-category-all":"All","listing-page-no-matches":"No matching items","listing-page-words":"{0} words","listing-page-filter":"Filter","draft":"Draft"},"metadata":{"lang":"en","fig-responsive":true,"quarto-version":"1.7.31","github-pages":{"branch":"main","provider":"github"},"theme":"cosmo","toc-title":"目录","title":"课题组简介"},"extensions":{"book":{"multiFile":true}}}},"projectFormats":["html"]}