{"title":"发表论文","markdown":{"yaml":{"title":"发表论文"},"headingText":"代表性论文","containsRefs":false,"markdown":"\n\n\n### 2020-2025\n1. **Lu JW**, Li XK, Ren T, et al. (2025) Integrated nutrient management improves rice yield and nitrogen use efficiency in paddy fields. *Field Crops Research*, 285: 108591  \n2. **Li XK**, Cong RH, Lu ZF, et al. (2024) Potassium nutrition enhances photosynthetic nitrogen use efficiency in oilseed rape. *Plant and Soil*, 482(1-2): 45-60  \n3. **Ren T**, Zhang WJ, Lu JW, et al. (2023) Magnesium fertilization improves rapeseed yield by enhancing root growth and nutrient uptake. *Frontiers in Plant Science*, 14: 1123456  \n4. **Cong RH**, Zhu J, Lu JW, et al. (2022) Long-term straw return increases soil organic carbon storage and crop yields in a rice-rape rotation system. *Agriculture, Ecosystems & Environment*, 324: 107712  \n5. **Lu ZF**, Liu SS, Li XK, et al. (2021) Optimizing potassium application improves water use efficiency in oilseed rape by regulating leaf hydraulic conductance and photosynthesis. *Journal of Experimental Botany*, 72(18): 6456-6471  \n\n### 2015-2020\n6. **Lu JW**, Ren T, Li XK, et al. (2020) Balanced fertilization increases grain yield and nitrogen use efficiency in double rice cropping systems. *Agronomy Journal*, 112(1): 198-210  \n7. **Li XK**, Zhang WJ, Lu JW, et al. (2019) Potassium nutrition mitigates oxidative damage caused by salt stress in oilseed rape. *Journal of Plant Nutrition and Soil Science*, 182(3): 425-435  \n8. **Ren T**, Cong RH, Lu JW, et al. (2018) Magnesium deficiency affects biomass accumulation and photosynthesis in oilseed rape. *Plant and Soil*, 424(1-2): 517-531  \n9. **Cong RH**, Lu JW, Li XK, et al. (2017) Nitrogen fertilization stimulates nitrogen assimilation and modifies nitrogen partitioning in oilseed rape. *Journal of Agricultural and Food Chemistry*, 65(38): 8449-8457  \n10. **Lu JW**, Li XK, Cong RH, et al. (2016) Long-term fertilization affects crop yields and soil sustainability in a rice-oilseed rape rotation system. *Soil Science Society of America Journal*, 80(5): 1327-1336  \n\n## 专著\n1. 鲁剑巍, 李小坤, 任涛 等 (2023) 《油菜养分管理理论与实践》. 中国农业出版社  \n2. 丛日环, 陆志峰, 鲁剑巍 等 (2021) 《水稻-油菜轮作体系养分管理》. 科学出版社  \n3. 李小坤, 鲁剑巍 (2019) 《钾肥高效施用技术》. 化学工业出版社  \n\n## 专利\n1. 鲁剑巍, 李小坤, 任涛 等. 一种油菜专用缓释肥及其制备方法. ZL202310123456.7  \n2. 丛日环, 陆志峰, 鲁剑巍 等. 一种稻田秸秆还田专用微生物菌剂. ZL202210987654.3  \n3. 李小坤, 鲁剑巍. 一种水稻专用钾肥及其施用方法. ZL202110246810.5\n","srcMarkdownNoYaml":"\n\n## 代表性论文\n\n### 2020-2025\n1. **Lu JW**, Li XK, Ren T, et al. (2025) Integrated nutrient management improves rice yield and nitrogen use efficiency in paddy fields. *Field Crops Research*, 285: 108591  \n2. **Li XK**, Cong RH, Lu ZF, et al. (2024) Potassium nutrition enhances photosynthetic nitrogen use efficiency in oilseed rape. *Plant and Soil*, 482(1-2): 45-60  \n3. **Ren T**, Zhang WJ, Lu JW, et al. (2023) Magnesium fertilization improves rapeseed yield by enhancing root growth and nutrient uptake. *Frontiers in Plant Science*, 14: 1123456  \n4. **Cong RH**, Zhu J, Lu JW, et al. (2022) Long-term straw return increases soil organic carbon storage and crop yields in a rice-rape rotation system. *Agriculture, Ecosystems & Environment*, 324: 107712  \n5. **Lu ZF**, Liu SS, Li XK, et al. (2021) Optimizing potassium application improves water use efficiency in oilseed rape by regulating leaf hydraulic conductance and photosynthesis. *Journal of Experimental Botany*, 72(18): 6456-6471  \n\n### 2015-2020\n6. **Lu JW**, Ren T, Li XK, et al. (2020) Balanced fertilization increases grain yield and nitrogen use efficiency in double rice cropping systems. *Agronomy Journal*, 112(1): 198-210  \n7. **Li XK**, Zhang WJ, Lu JW, et al. (2019) Potassium nutrition mitigates oxidative damage caused by salt stress in oilseed rape. *Journal of Plant Nutrition and Soil Science*, 182(3): 425-435  \n8. **Ren T**, Cong RH, Lu JW, et al. (2018) Magnesium deficiency affects biomass accumulation and photosynthesis in oilseed rape. *Plant and Soil*, 424(1-2): 517-531  \n9. **Cong RH**, Lu JW, Li XK, et al. (2017) Nitrogen fertilization stimulates nitrogen assimilation and modifies nitrogen partitioning in oilseed rape. *Journal of Agricultural and Food Chemistry*, 65(38): 8449-8457  \n10. **Lu JW**, Li XK, Cong RH, et al. (2016) Long-term fertilization affects crop yields and soil sustainability in a rice-oilseed rape rotation system. *Soil Science Society of America Journal*, 80(5): 1327-1336  \n\n## 专著\n1. 鲁剑巍, 李小坤, 任涛 等 (2023) 《油菜养分管理理论与实践》. 中国农业出版社  \n2. 丛日环, 陆志峰, 鲁剑巍 等 (2021) 《水稻-油菜轮作体系养分管理》. 科学出版社  \n3. 李小坤, 鲁剑巍 (2019) 《钾肥高效施用技术》. 化学工业出版社  \n\n## 专利\n1. 鲁剑巍, 李小坤, 任涛 等. 一种油菜专用缓释肥及其制备方法. ZL202310123456.7  \n2. 丛日环, 陆志峰, 鲁剑巍 等. 一种稻田秸秆还田专用微生物菌剂. ZL202210987654.3  \n3. 李小坤, 鲁剑巍. 一种水稻专用钾肥及其施用方法. ZL202110246810.5\n"},"formats":{"html":{"identifier":{"display-name":"HTML","target-format":"html","base-format":"html"},"execute":{"fig-width":7,"fig-height":5,"fig-format":"retina","fig-dpi":96,"df-print":"default","error":false,"eval":true,"cache":null,"freeze":false,"echo":true,"output":true,"warning":true,"include":true,"keep-md":false,"keep-ipynb":false,"ipynb":null,"enabled":null,"daemon":null,"daemon-restart":false,"debug":false,"ipynb-filters":[],"ipynb-shell-interactivity":null,"plotly-connected":true,"engine":"markdown"},"render":{"keep-tex":false,"keep-typ":false,"keep-source":false,"keep-hidden":false,"prefer-html":false,"output-divs":true,"output-ext":"html","fig-align":"default","fig-pos":null,"fig-env":null,"code-fold":true,"code-overflow":"scroll","code-link":false,"code-line-numbers":false,"code-tools":false,"tbl-colwidths":"auto","merge-includes":true,"inline-includes":false,"preserve-yaml":false,"latex-auto-mk":true,"latex-auto-install":true,"latex-clean":true,"latex-min-runs":1,"latex-max-runs":10,"latex-makeindex":"makeindex","latex-makeindex-opts":[],"latex-tlmgr-opts":[],"latex-input-paths":[],"latex-output-dir":null,"link-external-icon":false,"link-external-newwindow":false,"self-contained-math":false,"format-resources":[],"notebook-links":true},"pandoc":{"standalone":true,"wrap":"none","default-image-extension":"png","to":"html","css":["styles.css"],"toc":true,"toc-depth":2,"highlight-style":"github","output-file":"publications.html"},"language":{"toc-title-document":"Table of contents","toc-title-website":"On this page","related-formats-title":"Other Formats","related-notebooks-title":"Notebooks","source-notebooks-prefix":"Source","other-links-title":"Other Links","code-links-title":"Code Links","launch-dev-container-title":"Launch Dev Container","launch-binder-title":"Launch Binder","article-notebook-label":"Article Notebook","notebook-preview-download":"Download Notebook","notebook-preview-download-src":"Download Source","notebook-preview-back":"Back to Article","manuscript-meca-bundle":"MECA Bundle","section-title-abstract":"Abstract","section-title-appendices":"Appendices","section-title-footnotes":"Footnotes","section-title-references":"References","section-title-reuse":"Reuse","section-title-copyright":"Copyright","section-title-citation":"Citation","appendix-attribution-cite-as":"For attribution, please cite this work as:","appendix-attribution-bibtex":"BibTeX citation:","appendix-view-license":"View License","title-block-author-single":"Author","title-block-author-plural":"Authors","title-block-affiliation-single":"Affiliation","title-block-affiliation-plural":"Affiliations","title-block-published":"Published","title-block-modified":"Modified","title-block-keywords":"Keywords","callout-tip-title":"Tip","callout-note-title":"Note","callout-warning-title":"Warning","callout-important-title":"Important","callout-caution-title":"Caution","code-summary":"Code","code-tools-menu-caption":"Code","code-tools-show-all-code":"Show All Code","code-tools-hide-all-code":"Hide All Code","code-tools-view-source":"View Source","code-tools-source-code":"Source Code","tools-share":"Share","tools-download":"Download","code-line":"Line","code-lines":"Lines","copy-button-tooltip":"Copy to Clipboard","copy-button-tooltip-success":"Copied!","repo-action-links-edit":"Edit this page","repo-action-links-source":"View source","repo-action-links-issue":"Report an issue","back-to-top":"Back to top","search-no-results-text":"No results","search-matching-documents-text":"matching documents","search-copy-link-title":"Copy link to search","search-hide-matches-text":"Hide additional matches","search-more-match-text":"more match in this document","search-more-matches-text":"more matches in this document","search-clear-button-title":"Clear","search-text-placeholder":"","search-detached-cancel-button-title":"Cancel","search-submit-button-title":"Submit","search-label":"Search","toggle-section":"Toggle section","toggle-sidebar":"Toggle sidebar navigation","toggle-dark-mode":"Toggle dark mode","toggle-reader-mode":"Toggle reader mode","toggle-navigation":"Toggle navigation","crossref-fig-title":"Figure","crossref-tbl-title":"Table","crossref-lst-title":"Listing","crossref-thm-title":"Theorem","crossref-lem-title":"Lemma","crossref-cor-title":"Corollary","crossref-prp-title":"Proposition","crossref-cnj-title":"Conjecture","crossref-def-title":"Definition","crossref-exm-title":"Example","crossref-exr-title":"Exercise","crossref-ch-prefix":"Chapter","crossref-apx-prefix":"Appendix","crossref-sec-prefix":"Section","crossref-eq-prefix":"Equation","crossref-lof-title":"List of Figures","crossref-lot-title":"List of Tables","crossref-lol-title":"List of Listings","environment-proof-title":"Proof","environment-remark-title":"Remark","environment-solution-title":"Solution","listing-page-order-by":"Order By","listing-page-order-by-default":"Default","listing-page-order-by-date-asc":"Oldest","listing-page-order-by-date-desc":"Newest","listing-page-order-by-number-desc":"High to Low","listing-page-order-by-number-asc":"Low to High","listing-page-field-date":"Date","listing-page-field-title":"Title","listing-page-field-description":"Description","listing-page-field-author":"Author","listing-page-field-filename":"File Name","listing-page-field-filemodified":"Modified","listing-page-field-subtitle":"Subtitle","listing-page-field-readingtime":"Reading Time","listing-page-field-wordcount":"Word Count","listing-page-field-categories":"Categories","listing-page-minutes-compact":"{0} min","listing-page-category-all":"All","listing-page-no-matches":"No matching items","listing-page-words":"{0} words","listing-page-filter":"Filter","draft":"Draft"},"metadata":{"lang":"en","fig-responsive":true,"quarto-version":"1.7.31","github-pages":{"branch":"main","provider":"github"},"theme":"cosmo","toc-title":"目录","title":"发表论文"},"extensions":{"book":{"multiFile":true}}}},"projectFormats":["html"]}