{"title":"团队成员","markdown":{"yaml":{"title":"团队成员"},"headingText":"教师团队","containsRefs":false,"markdown":"\n\n\n### 鲁剑巍 教授\n- 研究方向：现代施肥技术、施肥与农产品安全、施肥与生态环境、土壤肥力\n- 邮箱：lujianwei@mail.hzau.edu.cn\n- 个人简介（学术兼职）：\n国家油菜产业技术体系“养分管理与施肥”岗位科学家（2008-　）\n农业农村部科学施肥专家指导组成员（2005-2017，农业部测土配方施肥技术专家组；2018-　）\n农业农村部肥料登记评审委员会委员（第八届2015-2018；第九届2019-2022）\n湖北省测土配方施肥技术专家组成员（2006-　）\n中国植物营养与肥料学会理事（2007-2021），兼副秘书长（2012-2021）\n中国农学会油料作物专业委员会理事（2011-　）\n中国土壤学会土壤肥力与肥料专业委员会委员（2016-2020）\n湖北省土壤肥料学会常务理事（2005-　）\n湖北省肥料应用协会副理事长（2011-2015）\n农业部长江中下游耕地保育重点实验室副主任（2011-2015）\n湖南省耕地质量建设与管理技术顾问（2011-　）\n新型肥料湖北省工程实验室副主任（2013-2015）\n《中国土壤与肥料》编委（2012-　）\n《中国油料作物学报》编委（2015-　）\n《植物营养与肥料学报》编委（2017-　）\n《中国农业科学》编委（2017-　）\n《土壤》编委（2019-　）\n\n### 李小坤 教授\n- 研究方向：\n1 水稻营养与施肥、稻田地力提升\n2 水旱轮作体系养分管理、稻田综合种养体系养分管理\n3 钾素营养与钾肥、作物专用肥的研发、现代施肥技术\n- 邮箱：lixiaokun@mail.hzau.edu.cn\n- 科研项目：\n1. 校企合作，作物专用肥料配方研制，2025-2026。主持\n2. 省水稻产业体系岗位科学家，科学施肥，2024-2026。主持\n3. 国家重点研发计划子课题，土壤固碳与产能提升，2023-2027。主持\n4 委托项目，植烟土壤适应性，2023-2025。主持\n5 委托项目，烟叶品质调控，2023-2025。主持\n6 国家农业重大科技项目子课题，肥水高效利用，2022-2026。主持\n7 国家重点研发计划子课题，中低产稻田产能提升，2021-2025。主持\n\n### 任涛 教授\n- 研究方向：作物营养生理与养分管理\n- 邮箱：rentao@mail.hzau.edu.cn\n- 个人简介： 国家油菜产业技术体系“养分管理与施肥”岗位成员，担任了《中国油料作物学报》、《Oil Crop Science》青年编委、中国植物营养与肥料学会青年工作委员会、施肥专业技术委员会以及中国自然资源学会农业资源利用专业委员会委员。先后主持了国家自然科学基金、国家重点研发计划子课题等项目10多项。以第一或通讯作者在New Phytologist、Plant, Cell & Environment、Field Crops Research、the Crop Journal、土壤学报、作物学报、植物营养与肥料学报等期刊发表学术论文60多篇。出版专著2部，参编专著4部，获得授权发明专利8项，参与起草农业行业标准1项和湖北省地方标准4项，先后获得湖北省科技进步奖一等奖2项、二等奖1项、神农中华农业科技二等奖1项和中国自然资源学会青年科技奖。\n\n### 丛日环 副教授\n- 研究方向：作物养分管理与土壤肥力培育\n- 邮箱：congrh@mail.hzau.edu.cn\n- 个人简介： 国家油菜产业技术体系“养分管理与施肥”岗位成员，湖北省秸秆综合利用技术专家组成员，中国植物营养与肥料学会化学肥料专业委员会、养分循环与环境专业技术委员会委员。现主要从事作物养分管理和土壤肥力培育方面的教学和研究工作。主持国家自然科学基金、国家重点研发计划子课题、湖北省自然科学基金、校自主创新基金等项目。获得奖励5项，授权专利3项，参与制定农业行业标准1项。编写专著7部，发表学术论文100余篇，其中以第一作者或通讯作者发表学术论文30余篇。\n\n### 陆志峰 副教授\n- 研究方向：主要从事作物镁、钾营养机理和养分管理研究工作，重点开展高光效、高产和高品质作物的养分调控机理和应用技术研究\n- 邮箱：zhifenglu@mail.hzau.edu.cn\n- 科学研究\n承担的主要科研项目：\n（1）国家重点研发计划子课题“华中中低产田土壤固碳与产能提升协同技术模式筛选及示范”， 2023.04-2027.04，主持\n（2）国家自然科学基金面上项目“缺镁对细胞能量平衡的影响及其诱发油菜叶片光氧化的机理”，2023.01-2026.12，主持\n（3）国家农业重大科技攻关项目子课题“长江中游秸秆高效还田技术与应用”，2022.11-2026.12，主持\n（4）国家重点研发计划子课题“稻-油机械化种植周年产量与品质协同提升生理机制”， 2022.11-2025.12，主持\n（5）国际镁营养研究所合作项目“全国镁营养研究协作网试验及示范”， 2022.01-2024.12，主持\n（6）中央高效基本科研业务费专项基金“镁营养调控油菜叶片CO2运输和利用的机理研究”，2021.01-2023.12，主持\n（7）国家重点研发计划 “科技助力经济2020”重点专项“油菜高效缓释专用肥配方优化与施用技术研究”，2020.07-2022.12，主持（已结题）\n（8）国家自然科学基金青年基金项目“钾素营养优化油菜叶片光合的水-碳协调机制解析”，2019.01-2021.12，主持（已结题）\n（9）中国博士后基金“钾素协调单子叶和双子叶叶片水分运输和光合能力的机制解析”，2017.03-2018.12，主持（已结题）\n（10）中央高校基本科研业务费专项基金 “钾素营养优化油菜叶片光合的水-碳协调机制解析”， 2019.01-2019.12，主持（已结题）\n\n## 刘诗诗 教授\n- 研究方向：农业遥感\n- 个人简介：毕业于美国加州圣芭芭拉大学地理系， 2013年加入华中农业大学资源与环境学院担任副教授、硕士生导师、地理信息系副系主任。刘诗诗自攻读博士起致力于利用多光谱、高光谱遥感技术研究环境胁迫对植被生长的影响，通过挖掘植被在环境胁迫下的光谱特征，构建精准的植被参数反演模型，探测作物的养分、水分胁迫状态，根据作物养分需求推荐追肥量，进一步预测作物产量，服务精准农业。目前已在遥感、农业类SCI收录期刊发表学术论文二十余篇，并且担任多个国际知名学术期刊的审稿人。\n- 科研项目：\n1.国家自然科学基金面上项目，42171350，顾及冠层结构影响的作物叶片氮含量遥感反演方法研究，2022/01 – 2025/12，经费52万元，在研，主持。\n2.国家重点研发计划课题，2021YFD1600503，山区油菜产业智能化关键技术和机械装备研究示范，2021/12 – 2026/11，可支配经费50万元，参与。\n## 朱俊 副教授\n- 研究方向：土壤有机质\n- 个人简介：农业生物学与农业化学博士，承担土壤与环境类课程的教学工作，从事有机质转化过程的微观机制及环境、生态和肥力效应方面的科研工作，现已发表SCI(第一作者、通讯作者)论文9篇，主持国家自然科学(青年)基金1项，教育部留学回国人员科研启动基金1项。\n\n## 张文君 副教授\n- 研究方向：土壤—植物养分循环与转化；土壤磷化学；植物硅营养\n- 科研项目：\n1.国家农业重大科技项目子课题 主持2022-2026\n2.国家重点研发计划项目子课题 主持 2018-2021\n3.校自主科技创新基金项目 主持2017-2019\n4.国家自然科学基金 主持 2014-2016\n5.教育部博士点基金项目 主持 2014-2016\n6.大学生科技创新基金 主持2014-2015\n\n## 在读研究生\n课题组现有在读博士研究生21人，硕士研究生53人。\n\n","srcMarkdownNoYaml":"\n\n## 教师团队\n\n### 鲁剑巍 教授\n- 研究方向：现代施肥技术、施肥与农产品安全、施肥与生态环境、土壤肥力\n- 邮箱：lujianwei@mail.hzau.edu.cn\n- 个人简介（学术兼职）：\n国家油菜产业技术体系“养分管理与施肥”岗位科学家（2008-　）\n农业农村部科学施肥专家指导组成员（2005-2017，农业部测土配方施肥技术专家组；2018-　）\n农业农村部肥料登记评审委员会委员（第八届2015-2018；第九届2019-2022）\n湖北省测土配方施肥技术专家组成员（2006-　）\n中国植物营养与肥料学会理事（2007-2021），兼副秘书长（2012-2021）\n中国农学会油料作物专业委员会理事（2011-　）\n中国土壤学会土壤肥力与肥料专业委员会委员（2016-2020）\n湖北省土壤肥料学会常务理事（2005-　）\n湖北省肥料应用协会副理事长（2011-2015）\n农业部长江中下游耕地保育重点实验室副主任（2011-2015）\n湖南省耕地质量建设与管理技术顾问（2011-　）\n新型肥料湖北省工程实验室副主任（2013-2015）\n《中国土壤与肥料》编委（2012-　）\n《中国油料作物学报》编委（2015-　）\n《植物营养与肥料学报》编委（2017-　）\n《中国农业科学》编委（2017-　）\n《土壤》编委（2019-　）\n\n### 李小坤 教授\n- 研究方向：\n1 水稻营养与施肥、稻田地力提升\n2 水旱轮作体系养分管理、稻田综合种养体系养分管理\n3 钾素营养与钾肥、作物专用肥的研发、现代施肥技术\n- 邮箱：lixiaokun@mail.hzau.edu.cn\n- 科研项目：\n1. 校企合作，作物专用肥料配方研制，2025-2026。主持\n2. 省水稻产业体系岗位科学家，科学施肥，2024-2026。主持\n3. 国家重点研发计划子课题，土壤固碳与产能提升，2023-2027。主持\n4 委托项目，植烟土壤适应性，2023-2025。主持\n5 委托项目，烟叶品质调控，2023-2025。主持\n6 国家农业重大科技项目子课题，肥水高效利用，2022-2026。主持\n7 国家重点研发计划子课题，中低产稻田产能提升，2021-2025。主持\n\n### 任涛 教授\n- 研究方向：作物营养生理与养分管理\n- 邮箱：rentao@mail.hzau.edu.cn\n- 个人简介： 国家油菜产业技术体系“养分管理与施肥”岗位成员，担任了《中国油料作物学报》、《Oil Crop Science》青年编委、中国植物营养与肥料学会青年工作委员会、施肥专业技术委员会以及中国自然资源学会农业资源利用专业委员会委员。先后主持了国家自然科学基金、国家重点研发计划子课题等项目10多项。以第一或通讯作者在New Phytologist、Plant, Cell & Environment、Field Crops Research、the Crop Journal、土壤学报、作物学报、植物营养与肥料学报等期刊发表学术论文60多篇。出版专著2部，参编专著4部，获得授权发明专利8项，参与起草农业行业标准1项和湖北省地方标准4项，先后获得湖北省科技进步奖一等奖2项、二等奖1项、神农中华农业科技二等奖1项和中国自然资源学会青年科技奖。\n\n### 丛日环 副教授\n- 研究方向：作物养分管理与土壤肥力培育\n- 邮箱：congrh@mail.hzau.edu.cn\n- 个人简介： 国家油菜产业技术体系“养分管理与施肥”岗位成员，湖北省秸秆综合利用技术专家组成员，中国植物营养与肥料学会化学肥料专业委员会、养分循环与环境专业技术委员会委员。现主要从事作物养分管理和土壤肥力培育方面的教学和研究工作。主持国家自然科学基金、国家重点研发计划子课题、湖北省自然科学基金、校自主创新基金等项目。获得奖励5项，授权专利3项，参与制定农业行业标准1项。编写专著7部，发表学术论文100余篇，其中以第一作者或通讯作者发表学术论文30余篇。\n\n### 陆志峰 副教授\n- 研究方向：主要从事作物镁、钾营养机理和养分管理研究工作，重点开展高光效、高产和高品质作物的养分调控机理和应用技术研究\n- 邮箱：zhifenglu@mail.hzau.edu.cn\n- 科学研究\n承担的主要科研项目：\n（1）国家重点研发计划子课题“华中中低产田土壤固碳与产能提升协同技术模式筛选及示范”， 2023.04-2027.04，主持\n（2）国家自然科学基金面上项目“缺镁对细胞能量平衡的影响及其诱发油菜叶片光氧化的机理”，2023.01-2026.12，主持\n（3）国家农业重大科技攻关项目子课题“长江中游秸秆高效还田技术与应用”，2022.11-2026.12，主持\n（4）国家重点研发计划子课题“稻-油机械化种植周年产量与品质协同提升生理机制”， 2022.11-2025.12，主持\n（5）国际镁营养研究所合作项目“全国镁营养研究协作网试验及示范”， 2022.01-2024.12，主持\n（6）中央高效基本科研业务费专项基金“镁营养调控油菜叶片CO2运输和利用的机理研究”，2021.01-2023.12，主持\n（7）国家重点研发计划 “科技助力经济2020”重点专项“油菜高效缓释专用肥配方优化与施用技术研究”，2020.07-2022.12，主持（已结题）\n（8）国家自然科学基金青年基金项目“钾素营养优化油菜叶片光合的水-碳协调机制解析”，2019.01-2021.12，主持（已结题）\n（9）中国博士后基金“钾素协调单子叶和双子叶叶片水分运输和光合能力的机制解析”，2017.03-2018.12，主持（已结题）\n（10）中央高校基本科研业务费专项基金 “钾素营养优化油菜叶片光合的水-碳协调机制解析”， 2019.01-2019.12，主持（已结题）\n\n## 刘诗诗 教授\n- 研究方向：农业遥感\n- 个人简介：毕业于美国加州圣芭芭拉大学地理系， 2013年加入华中农业大学资源与环境学院担任副教授、硕士生导师、地理信息系副系主任。刘诗诗自攻读博士起致力于利用多光谱、高光谱遥感技术研究环境胁迫对植被生长的影响，通过挖掘植被在环境胁迫下的光谱特征，构建精准的植被参数反演模型，探测作物的养分、水分胁迫状态，根据作物养分需求推荐追肥量，进一步预测作物产量，服务精准农业。目前已在遥感、农业类SCI收录期刊发表学术论文二十余篇，并且担任多个国际知名学术期刊的审稿人。\n- 科研项目：\n1.国家自然科学基金面上项目，42171350，顾及冠层结构影响的作物叶片氮含量遥感反演方法研究，2022/01 – 2025/12，经费52万元，在研，主持。\n2.国家重点研发计划课题，2021YFD1600503，山区油菜产业智能化关键技术和机械装备研究示范，2021/12 – 2026/11，可支配经费50万元，参与。\n## 朱俊 副教授\n- 研究方向：土壤有机质\n- 个人简介：农业生物学与农业化学博士，承担土壤与环境类课程的教学工作，从事有机质转化过程的微观机制及环境、生态和肥力效应方面的科研工作，现已发表SCI(第一作者、通讯作者)论文9篇，主持国家自然科学(青年)基金1项，教育部留学回国人员科研启动基金1项。\n\n## 张文君 副教授\n- 研究方向：土壤—植物养分循环与转化；土壤磷化学；植物硅营养\n- 科研项目：\n1.国家农业重大科技项目子课题 主持2022-2026\n2.国家重点研发计划项目子课题 主持 2018-2021\n3.校自主科技创新基金项目 主持2017-2019\n4.国家自然科学基金 主持 2014-2016\n5.教育部博士点基金项目 主持 2014-2016\n6.大学生科技创新基金 主持2014-2015\n\n## 在读研究生\n课题组现有在读博士研究生21人，硕士研究生53人。\n\n"},"formats":{"html":{"identifier":{"display-name":"HTML","target-format":"html","base-format":"html"},"execute":{"fig-width":7,"fig-height":5,"fig-format":"retina","fig-dpi":96,"df-print":"default","error":false,"eval":true,"cache":null,"freeze":false,"echo":true,"output":true,"warning":true,"include":true,"keep-md":false,"keep-ipynb":false,"ipynb":null,"enabled":null,"daemon":null,"daemon-restart":false,"debug":false,"ipynb-filters":[],"ipynb-shell-interactivity":null,"plotly-connected":true,"engine":"markdown"},"render":{"keep-tex":false,"keep-typ":false,"keep-source":false,"keep-hidden":false,"prefer-html":false,"output-divs":true,"output-ext":"html","fig-align":"default","fig-pos":null,"fig-env":null,"code-fold":true,"code-overflow":"scroll","code-link":false,"code-line-numbers":false,"code-tools":false,"tbl-colwidths":"auto","merge-includes":true,"inline-includes":false,"preserve-yaml":false,"latex-auto-mk":true,"latex-auto-install":true,"latex-clean":true,"latex-min-runs":1,"latex-max-runs":10,"latex-makeindex":"makeindex","latex-makeindex-opts":[],"latex-tlmgr-opts":[],"latex-input-paths":[],"latex-output-dir":null,"link-external-icon":false,"link-external-newwindow":false,"self-contained-math":false,"format-resources":[],"notebook-links":true},"pandoc":{"standalone":true,"wrap":"none","default-image-extension":"png","to":"html","css":["styles.css"],"toc":true,"toc-depth":2,"highlight-style":"github","output-file":"team.html"},"language":{"toc-title-document":"Table of contents","toc-title-website":"On this page","related-formats-title":"Other Formats","related-notebooks-title":"Notebooks","source-notebooks-prefix":"Source","other-links-title":"Other Links","code-links-title":"Code Links","launch-dev-container-title":"Launch Dev Container","launch-binder-title":"Launch Binder","article-notebook-label":"Article Notebook","notebook-preview-download":"Download Notebook","notebook-preview-download-src":"Download Source","notebook-preview-back":"Back to Article","manuscript-meca-bundle":"MECA Bundle","section-title-abstract":"Abstract","section-title-appendices":"Appendices","section-title-footnotes":"Footnotes","section-title-references":"References","section-title-reuse":"Reuse","section-title-copyright":"Copyright","section-title-citation":"Citation","appendix-attribution-cite-as":"For attribution, please cite this work as:","appendix-attribution-bibtex":"BibTeX citation:","appendix-view-license":"View License","title-block-author-single":"Author","title-block-author-plural":"Authors","title-block-affiliation-single":"Affiliation","title-block-affiliation-plural":"Affiliations","title-block-published":"Published","title-block-modified":"Modified","title-block-keywords":"Keywords","callout-tip-title":"Tip","callout-note-title":"Note","callout-warning-title":"Warning","callout-important-title":"Important","callout-caution-title":"Caution","code-summary":"Code","code-tools-menu-caption":"Code","code-tools-show-all-code":"Show All Code","code-tools-hide-all-code":"Hide All Code","code-tools-view-source":"View Source","code-tools-source-code":"Source Code","tools-share":"Share","tools-download":"Download","code-line":"Line","code-lines":"Lines","copy-button-tooltip":"Copy to Clipboard","copy-button-tooltip-success":"Copied!","repo-action-links-edit":"Edit this page","repo-action-links-source":"View source","repo-action-links-issue":"Report an issue","back-to-top":"Back to top","search-no-results-text":"No results","search-matching-documents-text":"matching documents","search-copy-link-title":"Copy link to search","search-hide-matches-text":"Hide additional matches","search-more-match-text":"more match in this document","search-more-matches-text":"more matches in this document","search-clear-button-title":"Clear","search-text-placeholder":"","search-detached-cancel-button-title":"Cancel","search-submit-button-title":"Submit","search-label":"Search","toggle-section":"Toggle section","toggle-sidebar":"Toggle sidebar navigation","toggle-dark-mode":"Toggle dark mode","toggle-reader-mode":"Toggle reader mode","toggle-navigation":"Toggle navigation","crossref-fig-title":"Figure","crossref-tbl-title":"Table","crossref-lst-title":"Listing","crossref-thm-title":"Theorem","crossref-lem-title":"Lemma","crossref-cor-title":"Corollary","crossref-prp-title":"Proposition","crossref-cnj-title":"Conjecture","crossref-def-title":"Definition","crossref-exm-title":"Example","crossref-exr-title":"Exercise","crossref-ch-prefix":"Chapter","crossref-apx-prefix":"Appendix","crossref-sec-prefix":"Section","crossref-eq-prefix":"Equation","crossref-lof-title":"List of Figures","crossref-lot-title":"List of Tables","crossref-lol-title":"List of Listings","environment-proof-title":"Proof","environment-remark-title":"Remark","environment-solution-title":"Solution","listing-page-order-by":"Order By","listing-page-order-by-default":"Default","listing-page-order-by-date-asc":"Oldest","listing-page-order-by-date-desc":"Newest","listing-page-order-by-number-desc":"High to Low","listing-page-order-by-number-asc":"Low to High","listing-page-field-date":"Date","listing-page-field-title":"Title","listing-page-field-description":"Description","listing-page-field-author":"Author","listing-page-field-filename":"File Name","listing-page-field-filemodified":"Modified","listing-page-field-subtitle":"Subtitle","listing-page-field-readingtime":"Reading Time","listing-page-field-wordcount":"Word Count","listing-page-field-categories":"Categories","listing-page-minutes-compact":"{0} min","listing-page-category-all":"All","listing-page-no-matches":"No matching items","listing-page-words":"{0} words","listing-page-filter":"Filter","draft":"Draft"},"metadata":{"lang":"en","fig-responsive":true,"quarto-version":"1.7.31","github-pages":{"branch":"main","provider":"github"},"theme":"cosmo","toc-title":"目录","title":"团队成员"},"extensions":{"book":{"multiFile":true}}}},"projectFormats":["html"]}